{"cameraMode":{"drawMode":0,"name":"Shaded","section":"Shading Mode"},"sceneLighting":false,"audioPlay":false,"sceneViewState":{"m_AlwaysRefresh":false,"showFog":true,"showSkybox":false,"showFlares":true,"showImageEffects":true,"showParticleSystems":true,"showVisualEffectGraphs":true,"m_FxEnabled":true},"in2DMode":false,"pivot":{"x":0.022650063037872316,"y":1.5279408693313599,"z":-0.00419868528842926},"rotation":{"x":-0.24600431323051454,"y":-0.03401545062661171,"z":0.008641522377729416,"w":-0.9686456322669983},"size":1.734611988067627,"orthographic":false}