{"cameraMode":{"drawMode":0,"name":"Shaded","section":"Shading Mode"},"sceneLighting":true,"audioPlay":false,"sceneViewState":{"m_AlwaysRefresh":false,"showFog":true,"showSkybox":true,"showFlares":true,"showImageEffects":true,"showParticleSystems":true,"showVisualEffectGraphs":true,"m_FxEnabled":true},"in2DMode":false,"pivot":{"x":-3.734943389892578,"y":-2.3913705348968508,"z":14.203361511230469},"rotation":{"x":-0.25511425733566286,"y":-0.11368265002965927,"z":0.030218563973903657,"w":-0.9597333073616028},"size":12.48390007019043,"orthographic":false}