{"cameraMode":{"drawMode":0,"name":"Shaded","section":"Shading Mode"},"sceneLighting":true,"audioPlay":false,"sceneViewState":{"m_AlwaysRefresh":false,"showFog":true,"showSkybox":true,"showFlares":true,"showImageEffects":true,"showParticleSystems":true,"showVisualEffectGraphs":true,"m_FxEnabled":true},"in2DMode":false,"pivot":{"x":11.083540916442871,"y":6.783607006072998,"z":7.105091094970703},"rotation":{"x":-0.12251833081245423,"y":-0.30243703722953799,"z":0.03925751522183418,"w":-0.9444683790206909},"size":2.7548272609710695,"orthographic":false}