{"cameraMode":{"drawMode":0,"name":"Shaded","section":"Shading Mode"},"sceneLighting":true,"audioPlay":false,"sceneViewState":{"m_AlwaysRefresh":false,"showFog":true,"showSkybox":true,"showFlares":true,"showImageEffects":true,"showParticleSystems":true,"showVisualEffectGraphs":true,"m_FxEnabled":true},"in2DMode":false,"pivot":{"x":0.9870338439941406,"y":2.6253559589385988,"z":-2.7703440189361574},"rotation":{"x":-0.19733592867851258,"y":-0.4750407636165619,"z":0.11024316400289536,"w":-0.8504535555839539},"size":5.370039939880371,"orthographic":false}